codi,vertexA,vertexB
1,1,2
2,2,3
3,3,4
4,4,5
5,5,6
6,1,6
7,7,8
8,8,9
9,9,10
10,3,10
11,2,7
12,11,12
13,12,13
14,13,14
15,9,14
16,8,11
17,15,16
18,1,16
19,6,17
20,17,18
21,15,18
22,19,20
23,7,20
24,16,19
25,21,22
26,11,22
27,20,21
28,23,24
29,24,25
30,12,25
31,22,23
32,26,27
33,15,27
34,18,28
35,28,29
36,26,29
37,30,31
38,19,31
39,27,30
40,32,33
41,21,33
42,31,32
43,34,35
44,23,35
45,33,34
46,36,37
47,37,38
48,24,38
49,35,36
50,39,40
51,30,40
52,26,41
53,39,41
54,42,43
55,32,43
56,40,42
57,44,45
58,34,45
59,43,44
60,46,47
61,36,47
62,45,46
63,48,49
64,42,49
65,39,50
66,48,50
67,51,52
68,44,52
69,49,51
70,53,54
71,46,54
72,52,53
