hexagon,vertex,posicio
1,1,0
1,2,1
1,3,2
1,4,3
1,5,4
1,6,5
2,7,0
2,8,1
2,9,2
2,10,3
2,3,4
2,2,5
3,11,0
3,12,1
3,13,2
3,14,3
3,9,4
3,8,5
4,15,0
4,16,1
4,1,2
4,6,3
4,17,4
4,18,5
5,19,0
5,20,1
5,7,2
5,2,3
5,1,4
5,16,5
6,21,0
6,22,1
6,11,2
6,8,3
6,7,4
6,20,5
7,23,0
7,24,1
7,25,2
7,12,3
7,11,4
7,22,5
8,26,0
8,27,1
8,15,2
8,18,3
8,28,4
8,29,5
9,30,0
9,31,1
9,19,2
9,16,3
9,15,4
9,27,5
10,32,0
10,33,1
10,21,2
10,20,3
10,19,4
10,31,5
11,34,0
11,35,1
11,23,2
11,22,3
11,21,4
11,33,5
12,36,0
12,37,1
12,38,2
12,24,3
12,23,4
12,35,5
13,39,0
13,40,1
13,30,2
13,27,3
13,26,4
13,41,5
14,42,0
14,43,1
14,32,2
14,31,3
14,30,4
14,40,5
15,44,0
15,45,1
15,34,2
15,33,3
15,32,4
15,43,5
16,46,0
16,47,1
16,36,2
16,35,3
16,34,4
16,45,5
17,48,0
17,49,1
17,42,2
17,40,3
17,39,4
17,50,5
18,51,0
18,52,1
18,44,2
18,43,3
18,42,4
18,49,5
19,53,0
19,54,1
19,46,2
19,45,3
19,44,4
19,52,5
