codi,x,y
1,-2.598,-0.5
2,-2.598,0.5
3,-3.464,1.0
4,-4.33,0.5
5,-4.33,-0.5
6,-3.464,-1.0
7,-1.732,1.0
8,-1.732,2.0
9,-2.598,2.5
10,-3.464,2.0
11,-0.866,2.5
12,-0.866,3.5
13,-1.732,4.0
14,-2.598,3.5
15,-1.732,-2.0
16,-1.732,-1.0
17,-3.464,-2.0
18,-2.598,-2.5
19,-0.866,-0.5
20,-0.866,0.5
21,0.0,1.0
22,0.0,2.0
23,0.866,2.5
24,0.866,3.5
25,0.0,4.0
26,-0.866,-3.5
27,-0.866,-2.5
28,-2.598,-3.5
29,-1.732,-4.0
30,0.0,-2.0
31,0.0,-1.0
32,0.866,-0.5
33,0.866,0.5
34,1.732,1.0
35,1.732,2.0
36,2.598,2.5
37,2.598,3.5
38,1.732,4.0
39,0.866,-3.5
40,0.866,-2.5
41,-0.0,-4.0
42,1.732,-2.0
43,1.732,-1.0
44,2.598,-0.5
45,2.598,0.5
46,3.464,1.0
47,3.464,2.0
48,2.598,-3.5
49,2.598,-2.5
50,1.732,-4.0
51,3.464,-2.0
52,3.464,-1.0
53,4.33,-0.5
54,4.33,0.5
